AgentID,first_name,last_name
70,Granger,Arbuckel
365,Humbert,Boodle
499,Kizzee,Scutter
369,Susanna,Gino
576,Elvis,Royce
309,Shirley,Atcherley
256,Mace,Bransden
650,Alyse,McGirr
812,Kimmie,Stannard
582,Julian,Thamelt
347,Dominic,Moubray
577,Troy,Bach
124,Iolanthe,Buffery
179,Sandie,Burgill
436,Leontine,Anthoney
167,Judas,MacKowle
964,Aurelia,Bewick
882,Arvie,Hutten
984,Margery,Cheesworth
410,Celene,Ashburner
744,Alard,Scrigmour
739,Miguelita,Jesty
24,Annadiana,Torrans
508,Robin,Hammon
823,Tammie,Fever
624,Tricia,MacAdie
222,Blair,Healeas
756,Sarajane,McQuilliam
365,Marcelia,Squibbs
521,Kelbee,Arent
334,Stephenie,Farfull
567,Cecily,Jennrich
590,Alexandro,Slaght
510,Marylinda,Duckhouse
919,Cort,Coon
686,Jordan,Slateford
214,Alexandros,Bucklee
776,Shawnee,Feast
606,Bartram,Kitt
493,Jorge,Scouler
633,Alastair,Bywaters
243,Lorens,Lishmund
402,Devlen,Kunzler
591,Heidi,Roskam
816,Josie,Richings
783,Wiley,Lowes
965,Delila,Gunner
439,Burton,Squirrell
840,Alidia,Doone
633,Tarra,Skellion
